timestamp,price,target_position
2000-01-01,103.805664,0.20747414
2000-01-02,108.08362,0.20747414
2000-01-03,109.650024,0.20747414
2000-01-04,110.09364,0.20747414
2000-01-05,108.77105,0.20747414
2000-01-06,107.72232,0.20747414
2000-01-07,105.853584,0.20747414
2000-01-08,107.027016,0.20747414
2000-01-09,109.31684,0.20747414
2000-01-10,112.346176,0.20747414
2000-01-11,114.444664,0.20747414
2000-01-12,116.67429,0.20747414
2000-01-13,117.80188,0.20747414
2000-01-14,116.519,0.20747414
2000-01-15,112.40252,0.20747414
2000-01-16,109.44831,0.20747414
2000-01-17,105.05053,0.20747414
2000-01-18,99.28792,0.20747414
2000-01-19,91.99276,0.20747414
2000-01-20,90.66508,0.20747414
2000-01-21,87.09519,0.20747414
2000-01-22,84.65933,0.20747414
2000-01-23,84.12285,0.20747414
2000-01-24,85.01028,0.20747414
2000-01-25,82.855125,0.20747414
2000-01-26,84.46457,0.20747414
2000-01-27,87.671074,0.20747414
2000-01-28,87.98459,0.20747414
2000-01-29,89.76349,0.20747414
2000-01-30,92.3542,0.20747414
2000-01-31,92.80089,0.20747414
2000-02-01,93.52053,0.20747414
2000-02-02,97.0474,0.20747414
2000-02-03,100.34034,0.20747414
2000-02-04,103.230354,0.20747414
2000-02-05,106.463066,0.20747414
2000-02-06,105.64383,0.20747414
2000-02-07,100.19628,0.20747414
2000-02-08,94.16697,0.20747414
2000-02-09,86.08374,0.20747414
2000-02-10,79.21501,0.20747414
2000-02-11,75.281784,0.20747414
2000-02-12,73.73727,0.20747414
2000-02-13,73.74615,0.20747414
2000-02-14,76.53414,0.20747414
2000-02-15,82.57646,0.20747414
2000-02-16,88.94742,0.20747414
2000-02-17,100.73439,0.20747414
2000-02-18,112.864494,0.20747414
2000-02-19,124.177635,0.20747414
2000-02-20,131.76599,0.20747414
2000-02-21,141.5615,0.20747414
2000-02-22,145.78696,0.20747414
2000-02-23,148.71231,0.20747414
2000-02-24,149.59874,0.20747414
2000-02-25,150.83284,0.20747414
2000-02-26,148.98434,0.20747414
2000-02-27,147.18317,0.20747414
2000-02-28,146.77643,0.20747414
2000-02-29,147.34325,0.20747414
2000-03-01,147.48418,0.20747414
2000-03-02,148.39911,0.20747414
2000-03-03,150.20721,0.20747414
2000-03-04,150.42337,0.20747414
2000-03-05,150.69664,0.20747414
2000-03-06,149.5046,0.20747414
2000-03-07,151.16537,0.20747414
2000-03-08,153.77063,0.20747414
2000-03-09,158.19797,0.20747414
2000-03-10,163.66531,0.20747414
2000-03-11,169.43701,0.20747414
2000-03-12,170.73732,0.20747414
2000-03-13,170.20325,0.20747414
2000-03-14,169.29634,0.20747414
2000-03-15,166.43369,0.20747414
2000-03-16,164.14523,0.20747414
2000-03-17,161.69627,0.20747414
2000-03-18,159.59079,0.20747414
2000-03-19,154.12115,0.20747414
2000-03-20,150.72676,0.20747414
2000-03-21,146.50833,0.20747414
2000-03-22,143.46709,0.20747414
2000-03-23,138.47304,0.20747414
2000-03-24,137.53348,0.20747414
2000-03-25,135.80788,0.20747414
2000-03-26,135.83714,0.20747414
2000-03-27,135.97665,0.20747414
2000-03-28,139.7163,0.20747414
2000-03-29,139.32988,0.20747414
2000-03-30,140.26802,0.20747414
2000-03-31,142.13576,0.20747414
2000-04-01,146.33597,0.20747414
2000-04-02,148.8143,0.20747414
2000-04-03,152.01843,0.20747414
2000-04-04,156.63474,0.20747414
2000-04-05,159.43456,0.20747414
2000-04-06,159.7106,0.20747414
2000-04-07,160.63348,0.20747414
2000-04-08,162.78804,0.20747414
2000-04-09,163.51239,0.20747414
2000-04-10,163.60645,0.039167
2000-04-11,164.20631,0.039167
2000-04-12,165.53578,0.039167
2000-04-13,169.3786,0.039167
2000-04-14,171.43536,0.039167
2000-04-15,171.02338,0.039167
2000-04-16,169.50603,0.039167
2000-04-17,167.1259,0.039167
2000-04-18,172.85632,0.039167
2000-04-19,184.5872,0.039167
2000-04-20,201.02785,0.039167
2000-04-21,221.30957,0.039167
2000-04-22,240.87148,0.039167
2000-04-23,247.74493,0.039167
2000-04-24,249.52478,0.039167
2000-04-25,249.84607,0.039167
2000-04-26,250.48244,0.039167
2000-04-27,254.56488,0.039167
2000-04-28,259.14313,0.039167
2000-04-29,265.5797,0.039167
2000-04-30,278.44092,0.039167
2000-05-01,287.22595,0.039167
2000-05-02,294.47,0.039167
2000-05-03,301.20718,0.039167
2000-05-04,304.27124,0.039167
2000-05-05,302.28543,0.039167
2000-05-06,305.76477,0.039167
2000-05-07,312.39075,0.039167
2000-05-08,323.91016,0.039167
2000-05-09,338.2501,0.039167
2000-05-10,356.1985,0.039167
2000-05-11,373.22882,0.039167
2000-05-12,385.4094,0.039167
2000-05-13,385.61676,0.039167
2000-05-14,379.22495,0.039167
2000-05-15,363.73145,0.039167
2000-05-16,356.54797,0.039167
2000-05-17,347.43268,0.039167
2000-05-18,352.5874,0.039167
2000-05-19,356.63422,0.039167
2000-05-20,355.8991,0.039167
2000-05-21,346.97974,0.039167
2000-05-22,342.742,0.039167
2000-05-23,333.08383,0.039167
2000-05-24,323.88766,0.039167
2000-05-25,328.21344,0.039167
2000-05-26,334.1539,0.039167
2000-05-27,337.29077,0.039167
2000-05-28,344.83282,0.039167
2000-05-29,357.63388,0.039167
2000-05-30,368.11404,0.039167
2000-05-31,379.86044,0.039167
2000-06-01,399.93744,0.039167
2000-06-02,405.34216,0.039167
2000-06-03,402.73837,0.039167
2000-06-04,396.5535,0.039167
2000-06-05,392.38528,0.039167
2000-06-06,365.82285,0.039167
2000-06-07,344.0972,0.039167
2000-06-08,340.75278,0.039167
2000-06-09,330.99173,0.039167
2000-06-10,324.10544,0.039167
2000-06-11,331.34067,0.039167
2000-06-12,333.76645,0.039167
2000-06-13,329.55887,0.039167
2000-06-14,334.54712,0.039167
2000-06-15,335.4206,0.039167
2000-06-16,326.1704,0.039167
2000-06-17,331.87784,0.039167
2000-06-18,327.32285,0.039167
2000-06-19,314.84717,0.039167
2000-06-20,301.51712,0.039167
2000-06-21,306.8019,0.039167
2000-06-22,310.17978,0.039167
2000-06-23,297.53168,0.039167
2000-06-24,282.60175,0.039167
2000-06-25,269.97534,0.039167
2000-06-26,258.9844,0.039167
2000-06-27,243.83078,0.039167
2000-06-28,241.1319,0.039167
2000-06-29,233.06686,0.039167
2000-06-30,220.63493,0.039167
2000-07-01,196.9917,0.039167
2000-07-02,180.85358,0.039167
2000-07-03,171.17712,0.039167
2000-07-04,163.85117,0.039167
2000-07-05,150.85245,0.039167
2000-07-06,142.7607,0.039167
2000-07-07,128.50034,0.039167
2000-07-08,115.94444,0.039167
2000-07-09,108.69559,0.039167
2000-07-10,111.12773,0.039167
2000-07-11,112.869026,0.039167
2000-07-12,116.989685,0.039167
2000-07-13,123.82337,0.039167
2000-07-14,125.564445,0.039167
2000-07-15,121.24804,0.039167
2000-07-16,113.77939,0.039167
2000-07-17,108.05791,0.039167
2000-07-18,98.592155,0.039167
2000-07-19,94.35699,-0.25478056
2000-07-20,92.32101,-0.25478056
2000-07-21,90.6717,-0.25478056
2000-07-22,87.64576,-0.25478056
2000-07-23,86.3152,-0.25478056
2000-07-24,82.12448,-0.25478056
2000-07-25,75.341225,-0.25478056
2000-07-26,68.62571,-0.25478056
2000-07-27,61.46341,-0.25478056
2000-07-28,58.169468,-0.25478056
2000-07-29,56.455738,-0.25478056
2000-07-30,56.239754,-0.25478056
2000-07-31,58.855293,-0.25478056
2000-08-01,63.3006,-0.25478056
2000-08-02,57.267387,-0.25478056
2000-08-03,54.37375,-0.25478056
2000-08-04,51.485027,-0.25478056
2000-08-05,49.203552,-0.25478056
2000-08-06,47.767204,-0.25478056
2000-08-07,51.66745,-0.25478056
2000-08-08,53.07188,-0.25478056
2000-08-09,53.81454,-0.25478056
2000-08-10,54.64274,-0.25478056
2000-08-11,55.22369,-0.25478056
2000-08-12,55.96335,-0.25478056
2000-08-13,57.62803,-0.25478056
2000-08-14,58.895844,-0.25478056
2000-08-15,59.222897,-0.25478056
2000-08-16,58.3667,-0.25478056
2000-08-17,59.078224,-0.25478056
2000-08-18,58.88232,-0.25478056
2000-08-19,59.412354,-0.25478056
2000-08-20,63.785667,-0.25478056
2000-08-21,69.52512,-0.25478056
2000-08-22,73.38567,-0.25478056
2000-08-23,80.404976,-0.25478056
2000-08-24,90.54138,-0.25478056
2000-08-25,95.467064,-0.25478056
2000-08-26,98.048195,-0.25478056
2000-08-27,100.76896,-0.25478056
2000-08-28,100.125595,-0.25478056
2000-08-29,98.65567,-0.25478056
2000-08-30,96.77012,-0.25478056
2000-08-31,97.10556,-0.25478056
2000-09-01,97.11125,-0.25478056
2000-09-02,97.971016,-0.25478056
2000-09-03,98.62459,-0.25478056
2000-09-04,99.1346,-0.25478056
2000-09-05,100.3941,-0.25478056
2000-09-06,102.63858,-0.25478056
2000-09-07,104.68017,-0.25478056
2000-09-08,106.408264,-0.25478056
2000-09-09,107.70834,-0.25478056
2000-09-10,108.95375,-0.25478056
2000-09-11,109.966835,-0.25478056
2000-09-12,110.72381,-0.25478056
2000-09-13,110.50222,-0.25478056
2000-09-14,110.087395,-0.25478056
2000-09-15,108.79129,-0.25478056
2000-09-16,110.67816,-0.25478056
2000-09-17,114.07045,-0.25478056
2000-09-18,118.77004,-0.25478056
2000-09-19,126.50212,-0.25478056
2000-09-20,136.16663,-0.25478056
2000-09-21,143.10818,-0.25478056
2000-09-22,147.55388,-0.25478056
2000-09-23,152.79146,-0.25478056
2000-09-24,162.23853,-0.25478056
2000-09-25,166.53595,-0.25478056
2000-09-26,167.17372,-0.25478056
2000-09-27,167.40675,-0.25478056
2000-09-28,167.68257,-0.25478056
2000-09-29,162.20749,-0.25478056
2000-09-30,161.27356,-0.25478056
2000-10-01,163.40973,-0.25478056
2000-10-02,169.73471,-0.25478056
2000-10-03,175.93076,-0.25478056
2000-10-04,182.4284,-0.25478056
2000-10-05,189.19925,-0.25478056
2000-10-06,197.96477,-0.25478056
2000-10-07,203.55624,-0.25478056
2000-10-08,209.04765,-0.25478056
2000-10-09,212.53018,-0.25478056
2000-10-10,214.5476,-0.25478056
2000-10-11,213.6147,-0.25478056
2000-10-12,213.34695,-0.25478056
2000-10-13,216.0162,-0.25478056
2000-10-14,221.3474,-0.25478056
2000-10-15,227.64711,-0.25478056
2000-10-16,237.0739,-0.25478056
2000-10-17,246.48552,-0.25478056
2000-10-18,249.09439,-0.25478056
2000-10-19,249.63197,-0.25478056
2000-10-20,249.72958,-0.25478056
2000-10-21,241.53285,-0.25478056
2000-10-22,245.4503,-0.25478056
2000-10-23,250.07764,-0.25478056
2000-10-24,259.19696,-0.25478056
2000-10-25,264.0994,-0.25478056
2000-10-26,266.98157,-0.25478056
2000-10-27,257.3179,-0.29283813
2000-10-28,246.94646,-0.29283813
2000-10-29,230.8403,-0.29283813
2000-10-30,206.43112,-0.29283813
2000-10-31,192.7205,-0.29283813
2000-11-01,182.03992,-0.29283813
2000-11-02,173.05405,-0.29283813
2000-11-03,165.87483,-0.29283813
2000-11-04,163.52586,-0.29283813
2000-11-05,161.74033,-0.29283813
2000-11-06,154.8444,-0.29283813
2000-11-07,146.35593,-0.29283813
2000-11-08,138.58904,-0.29283813
2000-11-09,134.91028,-0.29283813
2000-11-10,128.24431,-0.29283813
2000-11-11,125.10097,-0.29283813
2000-11-12,121.90488,-0.29283813
2000-11-13,118.04277,-0.29283813
2000-11-14,118.97663,-0.29283813
2000-11-15,122.43765,-0.29283813
2000-11-16,127.189575,-0.29283813
2000-11-17,138.1453,-0.29283813
2000-11-18,153.51424,-0.29283813
2000-11-19,166.47798,-0.29283813
2000-11-20,177.10286,-0.29283813
2000-11-21,185.64156,-0.29283813
2000-11-22,188.17017,-0.29283813
2000-11-23,189.45021,-0.29283813
2000-11-24,192.99005,-0.29283813
2000-11-25,196.64732,-0.29283813
2000-11-26,202.0256,-0.29283813
2000-11-27,208.35655,-0.29283813
2000-11-28,213.3965,-0.29283813
2000-11-29,210.2996,-0.29283813
2000-11-30,212.35085,-0.29283813
2000-12-01,212.64899,-0.29283813
2000-12-02,211.72902,-0.29283813
2000-12-03,214.89563,-0.29283813
2000-12-04,222.76309,-0.29283813
2000-12-05,227.90286,-0.29283813
2000-12-06,233.02588,-0.29283813
2000-12-07,235.49834,-0.29283813
2000-12-08,235.13611,-0.29283813
2000-12-09,235.71603,-0.29283813
2000-12-10,232.64868,-0.29283813
2000-12-11,231.58937,-0.29283813
2000-12-12,237.59854,-0.29283813
2000-12-13,241.44757,-0.29283813
2000-12-14,241.5902,-0.29283813
2000-12-15,246.27235,-0.29283813
2000-12-16,245.41226,-0.29283813
2000-12-17,247.81606,-0.29283813
2000-12-18,253.07536,-0.29283813
2000-12-19,259.69626,-0.29283813
2000-12-20,261.4136,-0.29283813
2000-12-21,268.0589,-0.29283813
2000-12-22,271.24112,-0.29283813
2000-12-23,271.16312,-0.29283813
2000-12-24,276.84186,-0.29283813
2000-12-25,278.7274,-0.29283813
2000-12-26,273.7362,-0.29283813
2000-12-27,252.40445,-0.29283813
2000-12-28,238.16304,-0.29283813
2000-12-29,222.51208,-0.29283813
2000-12-30,217.17427,-0.29283813
2000-12-31,214.76178,-0.29283813
2001-01-01,223.53893,-0.29283813
2001-01-02,238.02237,-0.29283813
2001-01-03,243.38019,-0.29283813
2001-01-04,242.27536,-0.29283813
2001-01-05,248.91718,-0.29283813
2001-01-06,261.17184,-0.29283813
2001-01-07,262.90906,-0.29283813
2001-01-08,275.73358,-0.29283813
2001-01-09,290.38538,-0.29283813
2001-01-10,284.9574,-0.29283813
2001-01-11,279.72836,-0.29283813
2001-01-12,271.48386,-0.29283813
2001-01-13,262.40625,-0.29283813
2001-01-14,258.14523,-0.29283813
2001-01-15,265.916,-0.29283813
2001-01-16,264.89862,-0.29283813
2001-01-17,271.4251,-0.29283813
2001-01-18,281.6598,-0.29283813
2001-01-19,287.38705,-0.29283813
2001-01-20,294.86298,-0.29283813
2001-01-21,310.63104,-0.29283813
2001-01-22,332.01392,-0.29283813
2001-01-23,347.28525,-0.29283813
2001-01-24,356.22546,-0.29283813
2001-01-25,365.75607,-0.29283813
2001-01-26,372.50735,-0.29283813
2001-01-27,371.14114,-0.29283813
2001-01-28,367.5976,-0.29283813
2001-01-29,365.88348,-0.29283813
2001-01-30,363.92017,-0.29283813
2001-01-31,358.9404,-0.29283813
2001-02-01,356.1368,-0.29283813
2001-02-02,354.41223,-0.29283813
2001-02-03,356.18655,-0.29283813
2001-02-04,364.7362,0.2678349
2001-02-05,376.31436,0.2678349
2001-02-06,372.79004,0.2678349
2001-02-07,374.3667,0.2678349
2001-02-08,388.37842,0.2678349
2001-02-09,393.73663,0.2678349
2001-02-10,393.40347,0.2678349
2001-02-11,407.9028,0.2678349
2001-02-12,425.02643,0.2678349
2001-02-13,442.25143,0.2678349
2001-02-14,459.41095,0.2678349
2001-02-15,481.76736,0.2678349
2001-02-16,497.3432,0.2678349
2001-02-17,508.5616,0.2678349
2001-02-18,508.9921,0.2678349
2001-02-19,519.00494,0.2678349
2001-02-20,529.2386,0.2678349
2001-02-21,549.1327,0.2678349
2001-02-22,568.50446,0.2678349
2001-02-23,592.9607,0.2678349
2001-02-24,614.01556,0.2678349
2001-02-25,622.5364,0.2678349
2001-02-26,622.7412,0.2678349
2001-02-27,635.98444,0.2678349
2001-02-28,659.8165,0.2678349
2001-03-01,682.20337,0.2678349
2001-03-02,721.0119,0.2678349
2001-03-03,762.4481,0.2678349
2001-03-04,797.5389,0.2678349
2001-03-05,813.44165,0.2678349
2001-03-06,830.7758,0.2678349
2001-03-07,848.92224,0.2678349
2001-03-08,875.4023,0.2678349
2001-03-09,886.2338,0.2678349
2001-03-10,905.3799,0.2678349
2001-03-11,922.29956,0.2678349
2001-03-12,937.5449,0.2678349
2001-03-13,933.00745,0.2678349
2001-03-14,930.76953,0.2678349
2001-03-15,916.83026,0.2678349
2001-03-16,914.3243,0.2678349
2001-03-17,907.457,0.2678349
2001-03-18,923.48987,0.2678349
2001-03-19,941.9589,0.2678349
2001-03-20,950.5228,0.2678349
2001-03-21,925.8294,0.2678349
2001-03-22,916.89655,0.2678349
2001-03-23,909.16003,0.2678349
2001-03-24,920.9305,0.2678349
2001-03-25,930.55255,0.2678349
2001-03-26,962.9398,0.2678349
2001-03-27,996.1612,0.2678349
2001-03-28,1018.21625,0.2678349
2001-03-29,1034.9164,0.2678349
2001-03-30,1085.0884,0.2678349
2001-03-31,1133.3048,0.2678349
2001-04-01,1170.8489,0.2678349
2001-04-02,1207.7698,0.2678349
2001-04-03,1226.6007,0.2678349
2001-04-04,1244.7462,0.2678349
2001-04-05,1261.8804,0.2678349
2001-04-06,1307.7565,0.2678349
2001-04-07,1353.4308,0.2678349
2001-04-08,1411.9384,0.2678349
2001-04-09,1459.9141,0.2678349
2001-04-10,1542.4955,0.2678349
2001-04-11,1582.5065,0.2678349
2001-04-12,1637.113,0.2678349
2001-04-13,1675.6941,0.2678349
2001-04-14,1730.134,0.2678349
2001-04-15,1783.5907,0.2678349
2001-04-16,1860.9476,0.2678349
2001-04-17,1967.4652,0.2678349
2001-04-18,2061.687,0.2678349
2001-04-19,2117.1062,0.2678349
2001-04-20,2155.4648,0.2678349
2001-04-21,2213.8086,0.2678349
2001-04-22,2211.085,0.2678349
2001-04-23,2246.5842,0.2678349
2001-04-24,2303.5176,0.2678349
2001-04-25,2325.951,0.2678349
2001-04-26,2254.5815,0.2678349
2001-04-27,2262.5583,0.2678349
2001-04-28,2309.8455,0.2678349
2001-04-29,2343.4185,0.2678349
2001-04-30,2278.6318,0.2678349
2001-05-01,2276.4924,0.2678349
2001-05-02,2284.805,0.2678349
2001-05-03,2264.4473,0.2678349
2001-05-04,2273.8162,0.2678349
2001-05-05,2356.6816,0.2678349
2001-05-06,2460.9253,0.2678349
2001-05-07,2472.6453,0.2678349
2001-05-08,2522.848,0.2678349
2001-05-09,2526.192,0.2678349
2001-05-10,2565.0286,0.2678349
2001-05-11,2544.6877,0.2678349
2001-05-12,2576.6152,0.2678349
2001-05-13,2522.279,0.2678349
2001-05-14,2430.5095,0.2678349
2001-05-15,2230.2793,0.09378905
2001-05-16,2014.1025,0.09378905
2001-05-17,1821.3556,0.09378905
2001-05-18,1555.3458,0.09378905
2001-05-19,1358.1512,0.09378905
2001-05-20,1361.0206,0.09378905
2001-05-21,1366.879,0.09378905
2001-05-22,1414.0065,0.09378905
2001-05-23,1514.2979,0.09378905
2001-05-24,1601.103,0.09378905
2001-05-25,1426.2096,0.09378905
2001-05-26,1406.5896,0.09378905
2001-05-27,1279.7018,0.09378905
2001-05-28,1084.4613,0.09378905
2001-05-29,1042.9636,0.09378905
2001-05-30,949.07855,0.09378905
2001-05-31,841.04614,0.09378905
2001-06-01,753.2255,0.09378905
2001-06-02,742.7568,0.09378905
2001-06-03,612.5466,0.09378905
2001-06-04,567.42944,0.09378905
2001-06-05,554.01013,0.09378905
2001-06-06,551.4271,0.09378905
2001-06-07,582.19965,0.09378905
2001-06-08,629.18384,0.09378905
2001-06-09,714.5443,0.09378905
2001-06-10,735.991,0.09378905
2001-06-11,722.17175,0.09378905
2001-06-12,684.42017,0.09378905
2001-06-13,666.93256,0.09378905
2001-06-14,686.9815,0.09378905
2001-06-15,700.86743,0.09378905
2001-06-16,774.0642,0.09378905
2001-06-17,846.9418,0.09378905
2001-06-18,958.64636,0.09378905
2001-06-19,1048.4226,0.09378905
2001-06-20,1149.454,0.09378905
2001-06-21,1238.5352,0.09378905
2001-06-22,1306.9806,0.09378905
2001-06-23,1324.5825,0.09378905
2001-06-24,1238.3844,0.09378905
2001-06-25,1202.1163,0.09378905
2001-06-26,1153.2249,0.09378905
2001-06-27,1153.918,0.09378905
2001-06-28,1179.9192,0.09378905
2001-06-29,1224.809,0.09378905
2001-06-30,1276.401,0.09378905
2001-07-01,1363.5111,0.09378905
2001-07-02,1392.9045,0.09378905
2001-07-03,1442.0449,0.09378905
2001-07-04,1540.2924,0.09378905
2001-07-05,1609.3499,0.09378905
2001-07-06,1663.7986,0.09378905
2001-07-07,1789.8451,0.09378905
2001-07-08,1928.4536,0.09378905
2001-07-09,2023.6776,0.09378905
2001-07-10,2076.5369,0.09378905
2001-07-11,2121.9177,0.09378905
2001-07-12,2105.3596,0.09378905
2001-07-13,2105.025,0.09378905
2001-07-14,2116.719,0.09378905
2001-07-15,2196.3938,0.09378905
2001-07-16,2248.2634,0.09378905
2001-07-17,2329.9502,0.09378905
2001-07-18,2343.044,0.09378905
2001-07-19,2380.2312,0.09378905
2001-07-20,2372.9243,0.09378905
2001-07-21,2381.0872,0.09378905
2001-07-22,2403.1882,0.09378905
2001-07-23,2453.341,0.09378905
2001-07-24,2507.4038,0.09378905
2001-07-25,2539.4697,0.09378905
2001-07-26,2647.7769,0.09378905
2001-07-27,2743.2893,0.09378905
2001-07-28,2918.488,0.09378905
2001-07-29,3167.3206,0.09378905
2001-07-30,3300.7664,0.09378905
2001-07-31,3373.4524,0.09378905
2001-08-01,3469.8628,0.09378905
2001-08-02,3551.4683,0.09378905
2001-08-03,3538.8875,0.09378905
2001-08-04,3705.6648,0.09378905
2001-08-05,3825.1045,0.09378905
2001-08-06,4002.2026,0.09378905
2001-08-07,4166.46,0.09378905
2001-08-08,4266.8315,0.09378905
2001-08-09,4425.869,0.09378905
2001-08-10,4475.3516,0.09378905
2001-08-11,4511.641,0.09378905
2001-08-12,4490.3477,0.09378905
2001-08-13,4540.8574,0.09378905
2001-08-14,4531.7725,0.09378905
2001-08-15,4790.892,0.09378905
2001-08-16,4935.368,0.09378905
2001-08-17,5159.5415,0.09378905
2001-08-18,5427.3584,0.09378905
2001-08-19,5719.064,0.09378905
2001-08-20,5842.3633,0.09378905
2001-08-21,6085.97,0.09378905
2001-08-22,6238.052,0.09378905
2001-08-23,6288.2153,0.20223017
2001-08-24,6314.929,0.20223017
2001-08-25,6505.4146,0.20223017
2001-08-26,6501.5615,0.20223017
2001-08-27,6471.4575,0.20223017
2001-08-28,6224.8955,0.20223017
2001-08-29,5984.9863,0.20223017
2001-08-30,5769.1226,0.20223017
2001-08-31,5546.2373,0.20223017
2001-09-01,5418.947,0.20223017
2001-09-02,5614.1807,0.20223017
2001-09-03,6441.3193,0.20223017
2001-09-04,7401.1313,0.20223017
2001-09-05,8703.737,0.20223017
2001-09-06,10079.493,0.20223017
2001-09-07,11935.54,0.20223017
2001-09-08,12503.096,0.20223017
2001-09-09,12961.414,0.20223017
2001-09-10,12950.445,0.20223017
2001-09-11,13321.234,0.20223017
2001-09-12,13475.009,0.20223017
2001-09-13,13935.242,0.20223017
2001-09-14,14167.6455,0.20223017
2001-09-15,14969.127,0.20223017
2001-09-16,15326.435,0.20223017
2001-09-17,15761.534,0.20223017
2001-09-18,17059.477,0.20223017
2001-09-19,18734.05,0.20223017
2001-09-20,20235.613,0.20223017
2001-09-21,22127.004,0.20223017
2001-09-22,23386.996,0.20223017
2001-09-23,23469.262,0.20223017
2001-09-24,24062.719,0.20223017
2001-09-25,25866.104,0.20223017
2001-09-26,26863.25,0.20223017
2001-09-27,25975.75,0.20223017
2001-09-28,25174.986,0.20223017
2001-09-29,22010.557,0.20223017
2001-09-30,19244.88,0.20223017
2001-10-01,16621.781,0.20223017
2001-10-02,15400.725,0.20223017
2001-10-03,14687.729,0.20223017
2001-10-04,15041.84,0.20223017
2001-10-05,14376.416,0.20223017
2001-10-06,13977.385,0.20223017
2001-10-07,13333.429,0.20223017
2001-10-08,12723.163,0.20223017
2001-10-09,12312.418,0.20223017
2001-10-10,11762.297,0.20223017
2001-10-11,11536.305,0.20223017
2001-10-12,12123.7,0.20223017
2001-10-13,12661.158,0.20223017
2001-10-14,12919.339,0.20223017
2001-10-15,13967.404,0.20223017
2001-10-16,15073.491,0.20223017
2001-10-17,15172.836,0.20223017
2001-10-18,15376.093,0.20223017
2001-10-19,15250.757,0.20223017
2001-10-20,15154.625,0.20223017
2001-10-21,14918.462,0.20223017
2001-10-22,15439.8545,0.20223017
2001-10-23,16486.85,0.20223017
2001-10-24,17643.67,0.20223017
2001-10-25,18580.436,0.20223017
2001-10-26,19508.088,0.20223017
2001-10-27,19849.986,0.20223017
2001-10-28,18506.441,0.20223017
2001-10-29,17957.818,0.20223017
2001-10-30,17317.686,0.20223017
2001-10-31,16606.098,0.20223017
2001-11-01,16050.792,0.20223017
2001-11-02,15922.087,0.20223017
2001-11-03,15798.787,0.20223017
2001-11-04,15032.3,0.20223017
2001-11-05,14976.456,0.20223017
2001-11-06,14171.915,0.20223017
2001-11-07,13398.34,0.20223017
2001-11-08,12690.503,0.20223017
2001-11-09,13118.466,0.20223017
2001-11-10,13540.505,0.20223017
2001-11-11,14788.675,0.20223017
2001-11-12,15842.48,0.20223017
2001-11-13,16664.453,0.20223017
2001-11-14,17352.508,0.20223017
2001-11-15,17408.732,0.20223017
2001-11-16,17492.336,0.20223017
2001-11-17,18090.854,0.20223017
2001-11-18,18624.357,0.20223017
2001-11-19,18396.793,0.20223017
2001-11-20,18308.83,0.20223017
2001-11-21,18014.072,0.20223017
2001-11-22,17048.23,0.20223017
2001-11-23,16445.643,0.20223017
2001-11-24,16166.971,0.20223017
2001-11-25,15887.619,0.20223017
2001-11-26,16119.151,0.20223017
2001-11-27,17374.986,0.20223017
2001-11-28,18568.32,0.20223017
2001-11-29,19674.13,0.20223017
2001-11-30,20629.238,0.20223017
2001-12-01,21443.662,-0.45092833
2001-12-02,21733.725,-0.45092833
2001-12-03,21504.16,-0.45092833
2001-12-04,21556.639,-0.45092833
2001-12-05,21584.848,-0.45092833
2001-12-06,21241.23,-0.45092833
2001-12-07,21838.947,-0.45092833
2001-12-08,22920.322,-0.45092833
2001-12-09,23935.78,-0.45092833
2001-12-10,24766.82,-0.45092833
2001-12-11,26078.582,-0.45092833
2001-12-12,26894.314,-0.45092833
2001-12-13,27557.146,-0.45092833
2001-12-14,28257.32,-0.45092833
2001-12-15,30494.965,-0.45092833
2001-12-16,32074.035,-0.45092833
2001-12-17,32521.523,-0.45092833
2001-12-18,32951.137,-0.45092833
2001-12-19,32311.938,-0.45092833
2001-12-20,30969.254,-0.45092833
2001-12-21,29070.285,-0.45092833
2001-12-22,28461.582,-0.45092833
2001-12-23,28324.307,-0.45092833
2001-12-24,28230.191,-0.45092833
2001-12-25,27753.98,-0.45092833
2001-12-26,28694.451,-0.45092833
2001-12-27,28253.906,-0.45092833
2001-12-28,27203.338,-0.45092833
2001-12-29,26960.795,-0.45092833
2001-12-30,27636.908,-0.45092833
2001-12-31,28899.56,-0.45092833
2002-01-01,31177.268,-0.45092833
2002-01-02,35046.84,-0.45092833
2002-01-03,39249.832,-0.45092833
2002-01-04,42231.55,-0.45092833
2002-01-05,42299.434,-0.45092833
2002-01-06,40136.85,-0.45092833
2002-01-07,37671.133,-0.45092833
2002-01-08,35521.285,-0.45092833
2002-01-09,33490.926,-0.45092833
2002-01-10,33564.223,-0.45092833
2002-01-11,34837.098,-0.45092833
2002-01-12,35609.613,-0.45092833
2002-01-13,35932.29,-0.45092833
2002-01-14,36375.56,-0.45092833
2002-01-15,35830.652,-0.45092833
2002-01-16,35466.484,-0.45092833
2002-01-17,34502.816,-0.45092833
2002-01-18,33191.293,-0.45092833
2002-01-19,31798.822,-0.45092833
2002-01-20,30561.04,-0.45092833
2002-01-21,28445.67,-0.45092833
2002-01-22,26880.186,-0.45092833
2002-01-23,25752.3,-0.45092833
2002-01-24,24021.049,-0.45092833
2002-01-25,22428.525,-0.45092833
2002-01-26,22747.15,-0.45092833
2002-01-27,22613.41,-0.45092833
2002-01-28,22019.89,-0.45092833
2002-01-29,21863.37,-0.45092833
2002-01-30,21892.213,-0.45092833
2002-01-31,19934.098,-0.45092833
2002-02-01,19292.04,-0.45092833
2002-02-02,18963.287,-0.45092833
2002-02-03,19252.166,-0.45092833
2002-02-04,19190.332,-0.45092833
2002-02-05,20448.688,-0.45092833
2002-02-06,21205.232,-0.45092833
2002-02-07,22050.049,-0.45092833
2002-02-08,21791.508,-0.45092833
2002-02-09,21604.254,-0.45092833
2002-02-10,21499.707,-0.45092833
2002-02-11,20980.92,-0.45092833
2002-02-12,20195.564,-0.45092833
2002-02-13,20205.615,-0.45092833
2002-02-14,20411.059,-0.45092833
2002-02-15,20080.22,-0.45092833
2002-02-16,19647.611,-0.45092833
2002-02-17,19984.646,-0.45092833
2002-02-18,20384.045,-0.45092833
2002-02-19,21172.771,-0.45092833
2002-02-20,22013.473,-0.45092833
2002-02-21,23482.266,-0.45092833
2002-02-22,25060.564,-0.45092833
2002-02-23,27098.01,-0.45092833
2002-02-24,28247.354,-0.45092833
2002-02-25,30087.092,-0.45092833
2002-02-26,31058.625,-0.45092833
2002-02-27,32044.988,-0.45092833
2002-02-28,32324.473,-0.45092833
2002-03-01,33211.156,-0.45092833
2002-03-02,32885.05,-0.45092833
2002-03-03,33251.195,-0.45092833
2002-03-04,32618.31,-0.45092833
2002-03-05,32657.227,-0.45092833
2002-03-06,32628.162,-0.45092833
2002-03-07,32941.92,-0.45092833
2002-03-08,32961.656,-0.45092833
2002-03-09,33346.39,-0.45092833
2002-03-10,32636.365,-0.45092833
2002-03-11,32108.268,-0.06483336
2002-03-12,30545.736,-0.06483336
2002-03-13,29292.63,-0.06483336
2002-03-14,28471.871,-0.06483336
2002-03-15,28249.04,-0.06483336
2002-03-16,27082.21,-0.06483336
2002-03-17,26716.574,-0.06483336
2002-03-18,25648.441,-0.06483336
2002-03-19,24747.414,-0.06483336
2002-03-20,24222.855,-0.06483336
2002-03-21,24112.1,-0.06483336
2002-03-22,23909.1,-0.06483336
2002-03-23,24283.014,-0.06483336
2002-03-24,24737.703,-0.06483336
2002-03-25,24345.623,-0.06483336
2002-03-26,24505.652,-0.06483336
2002-03-27,24908.023,-0.06483336
2002-03-28,25339.502,-0.06483336
2002-03-29,24935.457,-0.06483336
2002-03-30,24772.443,-0.06483336
2002-03-31,24222.809,-0.06483336
2002-04-01,23871.592,-0.06483336
2002-04-02,23248.691,-0.06483336
2002-04-03,23361.89,-0.06483336
2002-04-04,23603.738,-0.06483336
2002-04-05,24070.957,-0.06483336
2002-04-06,24469.379,-0.06483336
2002-04-07,24978.414,-0.06483336
2002-04-08,25268.104,-0.06483336
2002-04-09,26187.305,-0.06483336
2002-04-10,26786.506,-0.06483336
2002-04-11,27422.82,-0.06483336
2002-04-12,28657.941,-0.06483336
2002-04-13,29357.795,-0.06483336
2002-04-14,29767.297,-0.06483336
2002-04-15,30763.828,-0.06483336
2002-04-16,31602.953,-0.06483336
2002-04-17,31991.424,-0.06483336
2002-04-18,32641.256,-0.06483336
2002-04-19,33253.117,-0.06483336
2002-04-20,33836.375,-0.06483336
2002-04-21,34661.402,-0.06483336
2002-04-22,35664.277,-0.06483336
2002-04-23,37499.61,-0.06483336
2002-04-24,39513.977,-0.06483336
2002-04-25,41902.28,-0.06483336
2002-04-26,43823.613,-0.06483336
2002-04-27,46326.543,-0.06483336
2002-04-28,47829.273,-0.06483336
2002-04-29,49048.418,-0.06483336
2002-04-30,50602.273,-0.06483336
2002-05-01,52453.41,-0.06483336
2002-05-02,52916.094,-0.06483336
2002-05-03,52165.375,-0.06483336
2002-05-04,52348.04,-0.06483336
2002-05-05,51031.88,-0.06483336
2002-05-06,50454.473,-0.06483336
2002-05-07,51202.387,-0.06483336
2002-05-08,53553.133,-0.06483336
2002-05-09,53780.33,-0.06483336
2002-05-10,53624.98,-0.06483336
2002-05-11,53201.234,-0.06483336
2002-05-12,52234.33,-0.06483336
2002-05-13,51017.785,-0.06483336
2002-05-14,51222.87,-0.06483336
2002-05-15,51918.89,-0.06483336
2002-05-16,52425.098,-0.06483336
2002-05-17,52604.43,-0.06483336
2002-05-18,52889.6,-0.06483336
2002-05-19,52336.207,-0.06483336
2002-05-20,52025.83,-0.06483336
2002-05-21,52752.156,-0.06483336
2002-05-22,53820.637,-0.06483336
2002-05-23,55673.723,-0.06483336
2002-05-24,57428.82,-0.06483336
2002-05-25,57625.703,-0.06483336
2002-05-26,56778.1,-0.06483336
2002-05-27,56431.555,-0.06483336
2002-05-28,55905.03,-0.06483336
2002-05-29,55692.85,-0.06483336
2002-05-30,56453.887,-0.06483336
2002-05-31,56777.13,-0.06483336
2002-06-01,56934.21,-0.06483336
2002-06-02,58231.01,-0.06483336
2002-06-03,59091.145,-0.06483336
2002-06-04,60744.062,-0.06483336
2002-06-05,63259.625,-0.06483336
2002-06-06,65686.15,-0.06483336
2002-06-07,67217.64,-0.06483336
2002-06-08,68669.74,-0.06483336
2002-06-09,69372.17,-0.06483336
2002-06-10,67259.19,-0.06483336
2002-06-11,65188.68,-0.06483336
2002-06-12,61623.23,-0.06483336
2002-06-13,59207.723,-0.06483336
2002-06-14,57178.656,-0.06483336
2002-06-15,56061.71,-0.06483336
2002-06-16,53583.824,-0.06483336
2002-06-17,51887.188,-0.06483336
2002-06-18,50780.016,-0.06483336
2002-06-19,50111.098,-0.493289
2002-06-20,50406.16,-0.493289
2002-06-21,51263.066,-0.493289
2002-06-22,50719.816,-0.493289
2002-06-23,49669.61,-0.493289
2002-06-24,47866.582,-0.493289
2002-06-25,46475.41,-0.493289
2002-06-26,44483.656,-0.493289
2002-06-27,44232.87,-0.493289
2002-06-28,43975.832,-0.493289
2002-06-29,44532.13,-0.493289
2002-06-30,44610.18,-0.493289
2002-07-01,45786.83,-0.493289
2002-07-02,45916.62,-0.493289
2002-07-03,45564.156,-0.493289
2002-07-04,45713.598,-0.493289
2002-07-05,46334.207,-0.493289
2002-07-06,47547.64,-0.493289
2002-07-07,49983.67,-0.493289
2002-07-08,52945.586,-0.493289
2002-07-09,55052.24,-0.493289
2002-07-10,56515.58,-0.493289
2002-07-11,57321.562,-0.493289
2002-07-12,57537.336,-0.493289
2002-07-13,57379.305,-0.493289
2002-07-14,58565.43,-0.493289
2002-07-15,59002.617,-0.493289
2002-07-16,59129.645,-0.493289
2002-07-17,59406.855,-0.493289
2002-07-18,60460.484,-0.493289
2002-07-19,59822.473,-0.493289
2002-07-20,60501.695,-0.493289
2002-07-21,61191.98,-0.493289
2002-07-22,61603.98,-0.493289
2002-07-23,60240.02,-0.493289
2002-07-24,59093.08,-0.493289
2002-07-25,58589.18,-0.493289
2002-07-26,58417.82,-0.493289
2002-07-27,58491.426,-0.493289
2002-07-28,60693.953,-0.493289
2002-07-29,64798.5,-0.493289
2002-07-30,69360.62,-0.493289
2002-07-31,74456.31,-0.493289
2002-08-01,79589.37,-0.493289
2002-08-02,83970.94,-0.493289
2002-08-03,83407.13,-0.493289
2002-08-04,83246.09,-0.493289
2002-08-05,85458.82,-0.493289
2002-08-06,87237.76,-0.493289
2002-08-07,88218.195,-0.493289
2002-08-08,91047.95,-0.493289
2002-08-09,93934.39,-0.493289
2002-08-10,97275.81,-0.493289
2002-08-11,103362.586,-0.493289
2002-08-12,110179.36,-0.493289
2002-08-13,122168.125,-0.493289
2002-08-14,129868.3,-0.493289
2002-08-15,132258.11,-0.493289
2002-08-16,135445.95,-0.493289
2002-08-17,133661.33,-0.493289
2002-08-18,127471.7,-0.493289
2002-08-19,123126.91,-0.493289
2002-08-20,122180.45,-0.493289
2002-08-21,119686.414,-0.493289
2002-08-22,122479.516,-0.493289
2002-08-23,129056.51,-0.493289
2002-08-24,136309.48,-0.493289
2002-08-25,141344.58,-0.493289
2002-08-26,143404.72,-0.493289
2002-08-27,144454.14,-0.493289
2002-08-28,145799.89,-0.493289
2002-08-29,146133.3,-0.493289
2002-08-30,142499.92,-0.493289
2002-08-31,137542.02,-0.493289
2002-09-01,133359.28,-0.493289
2002-09-02,126164.15,-0.493289
2002-09-03,122920.57,-0.493289
2002-09-04,123349.26,-0.493289
2002-09-05,123485.51,-0.493289
2002-09-06,124131.01,-0.493289
2002-09-07,122408.07,-0.493289
2002-09-08,116220.55,-0.493289
2002-09-09,108924.05,-0.493289
2002-09-10,102737.41,-0.493289
2002-09-11,95940.47,-0.493289
2002-09-12,90278.98,-0.493289
2002-09-13,86727.11,-0.493289
2002-09-14,83938.3,-0.493289
2002-09-15,88031.58,-0.493289
2002-09-16,95199.625,-0.493289
2002-09-17,104035.586,-0.493289
2002-09-18,114557.08,-0.493289
2002-09-19,124399.68,-0.493289
2002-09-20,126064.61,-0.493289
2002-09-21,123971.96,-0.493289
2002-09-22,124286.29,-0.493289
2002-09-23,124756.07,-0.493289
2002-09-24,124351.516,-0.493289
2002-09-25,121646.5,-0.493289
2002-09-26,119676.44,-0.493289
2002-09-27,118280.01,0.5568809
2002-09-28,115777.21,0.5568809
2002-09-29,113597.805,0.5568809
2002-09-30,112695.164,0.5568809
2002-10-01,109652.234,0.5568809
2002-10-02,101580.14,0.5568809
2002-10-03,95805.02,0.5568809
2002-10-04,93518.82,0.5568809
2002-10-05,92300.23,0.5568809
2002-10-06,91671.12,0.5568809
2002-10-07,95387.91,0.5568809
2002-10-08,97433.52,0.5568809
2002-10-09,96440.586,0.5568809
2002-10-10,93041.33,0.5568809
2002-10-11,89757.516,0.5568809
2002-10-12,87812.125,0.5568809
2002-10-13,83739.27,0.5568809
2002-10-14,79407.83,0.5568809
2002-10-15,75081.02,0.5568809
2002-10-16,73960.32,0.5568809
2002-10-17,72435.266,0.5568809
2002-10-18,73394.85,0.5568809
2002-10-19,77782.49,0.5568809
2002-10-20,85404.79,0.5568809
2002-10-21,92965.63,0.5568809
2002-10-22,99152.086,0.5568809
2002-10-23,107454.9,0.5568809
2002-10-24,114492.79,0.5568809
2002-10-25,121568.12,0.5568809
2002-10-26,128869.99,0.5568809
2002-10-27,134593.84,0.5568809
2002-10-28,135011.36,0.5568809
2002-10-29,134694.52,0.5568809
2002-10-30,136872.95,0.5568809
2002-10-31,133890.11,0.5568809
2002-11-01,129416.32,0.5568809
2002-11-02,127585.62,0.5568809
2002-11-03,124496.766,0.5568809
2002-11-04,115643.016,0.5568809
2002-11-05,110754.65,0.5568809
2002-11-06,109832.91,0.5568809
2002-11-07,105462.305,0.5568809
2002-11-08,102349.72,0.5568809
2002-11-09,103368.6,0.5568809
2002-11-10,103103.516,0.5568809
2002-11-11,100695.35,0.5568809
2002-11-12,98563.15,0.5568809
2002-11-13,97255.5,0.5568809
2002-11-14,91097.12,0.5568809
2002-11-15,85290.16,0.5568809
2002-11-16,83865.41,0.5568809
2002-11-17,81719.41,0.5568809
2002-11-18,79250.98,0.5568809
2002-11-19,80605.54,0.5568809
2002-11-20,85470.625,0.5568809
2002-11-21,81882.38,0.5568809
2002-11-22,81810.23,0.5568809
2002-11-23,78870.22,0.5568809
2002-11-24,76524.59,0.5568809
2002-11-25,67626.336,0.5568809
2002-11-26,61586.87,0.5568809
2002-11-27,57604.56,0.5568809
2002-11-28,55134.594,0.5568809
2002-11-29,53254.082,0.5568809
2002-11-30,51189.35,0.5568809
2002-12-01,49318.594,0.5568809
2002-12-02,46127.008,0.5568809
2002-12-03,45356.86,0.5568809
2002-12-04,42658.055,0.5568809
2002-12-05,42567.17,0.5568809
2002-12-06,44559.93,0.5568809
2002-12-07,48462.465,0.5568809
2002-12-08,50402.848,0.5568809
2002-12-09,53401.3,0.5568809
2002-12-10,57463.79,0.5568809
2002-12-11,58103.273,0.5568809
2002-12-12,56744.258,0.5568809
2002-12-13,56694.703,0.5568809
2002-12-14,56408.777,0.5568809
2002-12-15,53211.727,0.5568809
2002-12-16,50192.07,0.5568809
2002-12-17,45294.44,0.5568809
2002-12-18,40436.355,0.5568809
2002-12-19,37012.0,0.5568809
2002-12-20,33747.766,0.5568809
2002-12-21,32376.98,0.5568809
2002-12-22,33356.53,0.5568809
2002-12-23,34007.285,0.5568809
2002-12-24,34720.426,0.5568809
2002-12-25,37817.125,0.5568809
2002-12-26,40720.383,0.5568809
2002-12-27,41190.92,0.5568809
2002-12-28,42371.71,0.5568809
2002-12-29,41896.727,0.5568809
2002-12-30,41089.316,0.5568809
2002-12-31,41060.316,0.5568809
2003-01-01,42697.477,0.5568809
2003-01-02,44880.957,0.5568809
2003-01-03,48268.695,0.5568809
2003-01-04,50332.445,0.5568809
2003-01-05,51861.32,0.47273898
2003-01-06,52793.914,0.47273898
2003-01-07,53558.684,0.47273898
2003-01-08,54698.766,0.47273898
2003-01-09,55529.418,0.47273898
2003-01-10,57486.24,0.47273898
2003-01-11,60469.383,0.47273898
2003-01-12,63271.496,0.47273898
2003-01-13,64923.12,0.47273898
2003-01-14,67518.805,0.47273898
2003-01-15,67787.09,0.47273898
2003-01-16,69448.09,0.47273898
2003-01-17,70342.19,0.47273898
2003-01-18,74185.93,0.47273898
2003-01-19,78337.82,0.47273898
2003-01-20,82683.61,0.47273898
2003-01-21,87609.1,0.47273898
2003-01-22,92319.42,0.47273898
2003-01-23,94063.266,0.47273898
2003-01-24,96153.51,0.47273898
2003-01-25,99241.7,0.47273898
2003-01-26,101239.97,0.47273898
2003-01-27,103019.234,0.47273898
2003-01-28,107224.76,0.47273898
2003-01-29,112635.76,0.47273898
2003-01-30,118174.66,0.47273898
2003-01-31,121882.44,0.47273898
2003-02-01,125976.77,0.47273898
2003-02-02,125552.17,0.47273898
2003-02-03,121478.016,0.47273898
2003-02-04,117406.03,0.47273898
2003-02-05,112684.24,0.47273898
2003-02-06,110018.38,0.47273898
2003-02-07,104951.086,0.47273898
2003-02-08,101074.2,0.47273898
2003-02-09,96045.58,0.47273898
2003-02-10,90134.8,0.47273898
2003-02-11,83736.34,0.47273898
2003-02-12,79739.38,0.47273898
2003-02-13,76354.76,0.47273898
2003-02-14,74937.32,0.47273898
2003-02-15,73621.82,0.47273898
2003-02-16,73346.83,0.47273898
2003-02-17,76933.91,0.47273898
2003-02-18,76590.39,0.47273898
2003-02-19,76271.17,0.47273898
2003-02-20,75239.14,0.47273898
2003-02-21,72050.2,0.47273898
2003-02-22,68104.48,0.47273898
2003-02-23,69459.13,0.47273898
2003-02-24,68748.055,0.47273898
2003-02-25,68914.98,0.47273898
2003-02-26,68791.5,0.47273898
2003-02-27,67139.4,0.47273898
2003-02-28,64939.918,0.47273898
2003-03-01,63300.773,0.47273898
2003-03-02,59048.676,0.47273898
2003-03-03,54248.01,0.47273898
2003-03-04,51254.426,0.47273898
2003-03-05,49342.863,0.47273898
2003-03-06,48210.055,0.47273898
2003-03-07,49208.234,0.47273898
2003-03-08,49881.195,0.47273898
2003-03-09,49170.355,0.47273898
2003-03-10,46774.09,0.47273898
2003-03-11,44198.96,0.47273898
2003-03-12,43457.402,0.47273898
2003-03-13,42926.926,0.47273898
2003-03-14,43535.277,0.47273898
2003-03-15,45029.484,0.47273898
2003-03-16,46826.25,0.47273898
2003-03-17,46957.24,0.47273898
2003-03-18,49973.945,0.47273898
2003-03-19,52444.39,0.47273898
2003-03-20,55578.285,0.47273898
2003-03-21,57699.26,0.47273898
2003-03-22,58266.625,0.47273898
2003-03-23,61617.75,0.47273898
2003-03-24,63221.59,0.47273898
2003-03-25,62520.227,0.47273898
2003-03-26,60711.816,0.47273898
2003-03-27,58229.688,0.47273898
2003-03-28,51824.773,0.47273898
2003-03-29,47029.08,0.47273898
2003-03-30,43620.574,0.47273898
2003-03-31,40632.047,0.47273898
2003-04-01,43040.957,0.47273898
2003-04-02,46561.87,0.47273898
2003-04-03,49699.07,0.47273898
2003-04-04,53454.11,0.47273898
2003-04-05,58971.125,0.47273898
2003-04-06,60516.97,0.47273898
2003-04-07,61159.73,0.47273898
2003-04-08,61048.363,0.47273898
2003-04-09,61105.33,0.47273898
2003-04-10,62041.688,0.47273898
2003-04-11,60967.316,0.47273898
2003-04-12,58118.22,0.47273898
2003-04-13,55432.41,0.47273898
2003-04-14,54638.836,0.47273898
2003-04-15,53640.613,-0.14407572
2003-04-16,53531.97,-0.14407572
2003-04-17,54426.527,-0.14407572
2003-04-18,55097.363,-0.14407572
2003-04-19,52458.434,-0.14407572
2003-04-20,50456.44,-0.14407572
2003-04-21,48527.746,-0.14407572
2003-04-22,47819.504,-0.14407572
2003-04-23,48676.11,-0.14407572
2003-04-24,49460.1,-0.14407572
2003-04-25,47327.75,-0.14407572
2003-04-26,44780.926,-0.14407572
2003-04-27,41024.64,-0.14407572
2003-04-28,37310.51,-0.14407572
2003-04-29,35288.785,-0.14407572
2003-04-30,34184.887,-0.14407572
2003-05-01,33511.402,-0.14407572
2003-05-02,32918.996,-0.14407572
2003-05-03,31361.373,-0.14407572
2003-05-04,30009.213,-0.14407572
2003-05-05,29487.225,-0.14407572
2003-05-06,27968.81,-0.14407572
2003-05-07,27179.416,-0.14407572
2003-05-08,26959.46,-0.14407572
2003-05-09,26961.535,-0.14407572
2003-05-10,27007.195,-0.14407572
2003-05-11,28229.4,-0.14407572
2003-05-12,29822.281,-0.14407572
2003-05-13,31823.639,-0.14407572
2003-05-14,33085.594,-0.14407572
2003-05-15,34557.47,-0.14407572
2003-05-16,35741.71,-0.14407572
2003-05-17,36218.297,-0.14407572
2003-05-18,37429.1,-0.14407572
2003-05-19,39192.793,-0.14407572
2003-05-20,41092.746,-0.14407572
2003-05-21,43113.805,-0.14407572
2003-05-22,45883.523,-0.14407572
2003-05-23,48565.918,-0.14407572
2003-05-24,49216.387,-0.14407572
2003-05-25,49824.14,-0.14407572
2003-05-26,51077.992,-0.14407572
2003-05-27,53511.95,-0.14407572
2003-05-28,56654.54,-0.14407572
2003-05-29,60113.246,-0.14407572
2003-05-30,64429.36,-0.14407572
2003-05-31,67304.61,-0.14407572
2003-06-01,67326.93,-0.14407572
2003-06-02,65906.55,-0.14407572
2003-06-03,66929.45,-0.14407572
2003-06-04,66403.14,-0.14407572
2003-06-05,67997.3,-0.14407572
2003-06-06,69383.055,-0.14407572
2003-06-07,70090.63,-0.14407572
2003-06-08,67644.164,-0.14407572
2003-06-09,65749.97,-0.14407572
2003-06-10,63239.85,-0.14407572
2003-06-11,60359.887,-0.14407572
2003-06-12,58527.918,-0.14407572
2003-06-13,58106.16,-0.14407572
2003-06-14,56701.4,-0.14407572
2003-06-15,55376.836,-0.14407572
2003-06-16,57007.457,-0.14407572
2003-06-17,59285.133,-0.14407572
2003-06-18,60970.246,-0.14407572
2003-06-19,64142.316,-0.14407572
2003-06-20,66199.65,-0.14407572
2003-06-21,65090.69,-0.14407572
2003-06-22,63668.965,-0.14407572
2003-06-23,64084.746,-0.14407572
2003-06-24,64135.06,-0.14407572
2003-06-25,66375.25,-0.14407572
2003-06-26,69280.57,-0.14407572
2003-06-27,72471.336,-0.14407572
2003-06-28,75648.695,-0.14407572
2003-06-29,78041.92,-0.14407572
2003-06-30,79584.22,-0.14407572
2003-07-01,82279.8,-0.14407572
2003-07-02,82739.82,-0.14407572
2003-07-03,81893.09,-0.14407572
2003-07-04,83418.59,-0.14407572
2003-07-05,85218.93,-0.14407572
2003-07-06,87691.75,-0.14407572
2003-07-07,92063.05,-0.14407572
2003-07-08,96723.15,-0.14407572
2003-07-09,98521.99,-0.14407572
2003-07-10,99917.64,-0.14407572
2003-07-11,98178.63,-0.14407572
2003-07-12,95005.85,-0.14407572
2003-07-13,91833.836,-0.14407572
2003-07-14,92843.25,-0.14407572
2003-07-15,93153.37,-0.14407572
2003-07-16,94993.09,-0.14407572
2003-07-17,98342.65,-0.14407572
2003-07-18,102967.99,-0.14407572
2003-07-19,103645.9,-0.14407572
2003-07-20,103526.71,-0.14407572
2003-07-21,103589.37,-0.14407572
2003-07-22,101909.23,-0.14407572
2003-07-23,99556.484,-0.14407572
2003-07-24,100607.914,0.29384786
2003-07-25,103448.984,0.29384786
2003-07-26,106114.516,0.29384786
2003-07-27,109205.23,0.29384786
2003-07-28,111665.93,0.29384786
2003-07-29,109928.73,0.29384786
2003-07-30,112448.89,0.29384786
2003-07-31,115041.48,0.29384786
2003-08-01,117246.2,0.29384786
2003-08-02,121524.34,0.29384786
2003-08-03,127359.03,0.29384786
2003-08-04,126800.44,0.29384786
2003-08-05,125929.27,0.29384786
2003-08-06,126323.695,0.29384786
2003-08-07,125864.36,0.29384786
2003-08-08,126981.484,0.29384786
2003-08-09,128887.29,0.29384786
2003-08-10,130482.75,0.29384786
2003-08-11,130096.02,0.29384786
2003-08-12,129455.664,0.29384786
2003-08-13,127932.23,0.29384786
2003-08-14,128129.41,0.29384786
2003-08-15,130409.555,0.29384786
2003-08-16,134734.75,0.29384786
2003-08-17,141203.36,0.29384786
2003-08-18,147700.7,0.29384786
2003-08-19,151194.7,0.29384786
2003-08-20,152823.47,0.29384786
2003-08-21,153314.94,0.29384786
2003-08-22,153723.61,0.29384786
2003-08-23,153732.11,0.29384786
2003-08-24,157336.17,0.29384786
2003-08-25,160935.77,0.29384786
2003-08-26,166483.66,0.29384786
2003-08-27,171499.25,0.29384786
2003-08-28,175252.22,0.29384786
2003-08-29,176415.55,0.29384786
2003-08-30,177041.06,0.29384786
2003-08-31,179976.52,0.29384786
2003-09-01,180624.75,0.29384786
2003-09-02,180966.64,0.29384786
2003-09-03,183950.0,0.29384786
2003-09-04,189239.7,0.29384786
2003-09-05,191860.73,0.29384786
2003-09-06,199353.08,0.29384786
2003-09-07,207089.62,0.29384786
2003-09-08,210690.53,0.29384786
2003-09-09,213540.58,0.29384786
2003-09-10,214768.23,0.29384786
2003-09-11,208833.52,0.29384786
2003-09-12,204080.88,0.29384786
2003-09-13,202416.88,0.29384786
2003-09-14,201076.64,0.29384786
2003-09-15,201087.19,0.29384786
2003-09-16,206823.1,0.29384786
2003-09-17,213036.12,0.29384786
2003-09-18,219019.61,0.29384786
2003-09-19,221996.75,0.29384786
2003-09-20,223452.0,0.29384786
2003-09-21,222023.7,0.29384786
2003-09-22,221897.66,0.29384786
2003-09-23,221215.23,0.29384786
2003-09-24,221318.31,0.29384786
2003-09-25,225803.69,0.29384786
2003-09-26,230138.14,0.29384786
2003-09-27,232503.48,0.29384786
2003-09-28,230208.33,0.29384786
2003-09-29,227765.89,0.29384786
2003-09-30,211668.88,0.29384786
2003-10-01,192705.44,0.29384786
2003-10-02,177130.19,0.29384786
2003-10-03,163894.66,0.29384786
2003-10-04,152577.97,0.29384786
2003-10-05,149258.02,0.29384786
2003-10-06,149969.33,0.29384786
2003-10-07,148209.06,0.29384786
2003-10-08,147059.95,0.29384786
2003-10-09,143973.61,0.29384786
2003-10-10,141301.31,0.29384786
2003-10-11,138451.03,0.29384786
2003-10-12,138279.39,0.29384786
2003-10-13,141842.7,0.29384786
2003-10-14,143782.88,0.29384786
2003-10-15,147177.81,0.29384786
2003-10-16,150818.78,0.29384786
2003-10-17,156682.02,0.29384786
2003-10-18,162330.94,0.29384786
2003-10-19,172905.7,0.29384786
2003-10-20,183409.17,0.29384786
2003-10-21,193089.05,0.29384786
2003-10-22,191820.12,0.29384786
2003-10-23,181505.88,0.29384786
2003-10-24,172144.11,0.29384786
2003-10-25,162967.22,0.29384786
2003-10-26,151455.55,0.29384786
2003-10-27,144251.67,0.29384786
2003-10-28,142773.08,0.29384786
2003-10-29,140233.03,0.29384786
2003-10-30,139146.25,0.29384786
2003-10-31,141332.52,0.29384786
2003-11-01,142370.95,-0.11833058
2003-11-02,140904.64,-0.11833058
2003-11-03,140727.48,-0.11833058
2003-11-04,139232.98,-0.11833058
2003-11-05,133704.72,-0.11833058
2003-11-06,129849.55,-0.11833058
2003-11-07,127430.69,-0.11833058
2003-11-08,124820.72,-0.11833058
2003-11-09,123168.99,-0.11833058
2003-11-10,123484.14,-0.11833058
2003-11-11,125824.414,-0.11833058
2003-11-12,128935.22,-0.11833058
2003-11-13,133664.6,-0.11833058
2003-11-14,137695.67,-0.11833058
2003-11-15,142479.88,-0.11833058
2003-11-16,147517.45,-0.11833058
2003-11-17,152409.12,-0.11833058
2003-11-18,153576.94,-0.11833058
2003-11-19,153345.25,-0.11833058
2003-11-20,152279.33,-0.11833058
2003-11-21,148925.45,-0.11833058
2003-11-22,144598.84,-0.11833058
2003-11-23,139772.12,-0.11833058
2003-11-24,135298.69,-0.11833058
2003-11-25,132465.19,-0.11833058
2003-11-26,128894.42,-0.11833058
2003-11-27,122598.83,-0.11833058
2003-11-28,119294.164,-0.11833058
2003-11-29,117425.45,-0.11833058
2003-11-30,115617.76,-0.11833058
2003-12-01,117557.1,-0.11833058
2003-12-02,125080.09,-0.11833058
2003-12-03,131348.2,-0.11833058
2003-12-04,138243.81,-0.11833058
2003-12-05,147189.14,-0.11833058
2003-12-06,154736.02,-0.11833058
2003-12-07,158953.66,-0.11833058
2003-12-08,167947.9,-0.11833058
2003-12-09,173395.45,-0.11833058
2003-12-10,178990.55,-0.11833058
2003-12-11,184243.78,-0.11833058
2003-12-12,191869.61,-0.11833058
2003-12-13,195256.16,-0.11833058
2003-12-14,202282.38,-0.11833058
2003-12-15,205735.75,-0.11833058
2003-12-16,209346.9,-0.11833058
2003-12-17,209633.78,-0.11833058
2003-12-18,209744.27,-0.11833058
2003-12-19,208593.97,-0.11833058
2003-12-20,207204.34,-0.11833058
2003-12-21,205731.34,-0.11833058
2003-12-22,207106.73,-0.11833058
2003-12-23,206713.89,-0.11833058
2003-12-24,209992.62,-0.11833058
2003-12-25,213263.92,-0.11833058
2003-12-26,218114.16,-0.11833058
2003-12-27,223212.31,-0.11833058
2003-12-28,227631.11,-0.11833058
2003-12-29,229149.27,-0.11833058
2003-12-30,235869.31,-0.11833058
2003-12-31,240531.6,-0.11833058
2004-01-01,242817.55,-0.11833058
2004-01-02,246223.88,-0.11833058
2004-01-03,249043.84,-0.11833058
2004-01-04,245106.16,-0.11833058
2004-01-05,240862.47,-0.11833058
2004-01-06,236022.58,-0.11833058
2004-01-07,232600.75,-0.11833058
2004-01-08,228124.47,-0.11833058
2004-01-09,226660.86,-0.11833058
2004-01-10,224157.64,-0.11833058
2004-01-11,214941.22,-0.11833058
2004-01-12,205143.28,-0.11833058
2004-01-13,193205.38,-0.11833058
2004-01-14,180829.36,-0.11833058
2004-01-15,174282.95,-0.11833058
2004-01-16,173813.53,-0.11833058
2004-01-17,175643.64,-0.11833058
2004-01-18,179196.86,-0.11833058
2004-01-19,183884.97,-0.11833058
2004-01-20,181972.4,-0.11833058
2004-01-21,179554.5,-0.11833058
2004-01-22,181907.56,-0.11833058
2004-01-23,187759.14,-0.11833058
2004-01-24,195807.98,-0.11833058
2004-01-25,208123.95,-0.11833058
2004-01-26,221590.28,-0.11833058
2004-01-27,228098.31,-0.11833058
2004-01-28,229122.3,-0.11833058
2004-01-29,226569.8,-0.11833058
2004-01-30,218281.52,-0.11833058
2004-01-31,206946.58,-0.11833058
2004-02-01,199155.58,-0.11833058
2004-02-02,192355.61,-0.11833058
2004-02-03,188292.39,-0.11833058
2004-02-04,189554.1,-0.11833058
2004-02-05,194704.14,-0.11833058
2004-02-06,196225.42,-0.11833058
2004-02-07,199647.34,-0.11833058
2004-02-08,199337.61,-0.11833058
2004-02-09,195100.38,0.1755662
2004-02-10,189924.38,0.1755662
2004-02-11,185662.97,0.1755662
2004-02-12,179233.33,0.1755662
2004-02-13,173879.77,0.1755662
2004-02-14,171323.84,0.1755662
2004-02-15,171528.55,0.1755662
2004-02-16,170278.42,0.1755662
2004-02-17,169204.33,0.1755662
2004-02-18,170201.48,0.1755662
2004-02-19,169361.3,0.1755662
2004-02-20,166035.97,0.1755662
2004-02-21,163434.25,0.1755662
2004-02-22,157967.17,0.1755662
2004-02-23,147146.55,0.1755662
2004-02-24,137170.23,0.1755662
2004-02-25,128253.22,0.1755662
2004-02-26,121878.42,0.1755662
2004-02-27,120242.7,0.1755662
2004-02-28,122440.88,0.1755662
2004-02-29,123896.09,0.1755662
2004-03-01,126828.555,0.1755662
2004-03-02,128232.555,0.1755662
2004-03-03,128952.58,0.1755662
2004-03-04,131074.14,0.1755662
2004-03-05,136849.3,0.1755662
2004-03-06,135559.9,0.1755662
2004-03-07,135292.88,0.1755662
2004-03-08,133057.73,0.1755662
2004-03-09,128244.16,0.1755662
2004-03-10,124396.914,0.1755662
2004-03-11,124476.76,0.1755662
2004-03-12,122851.086,0.1755662
2004-03-13,121405.766,0.1755662
2004-03-14,121362.82,0.1755662
2004-03-15,118218.64,0.1755662
2004-03-16,116908.79,0.1755662
2004-03-17,115822.414,0.1755662
2004-03-18,116391.78,0.1755662
2004-03-19,115108.836,0.1755662
2004-03-20,119349.875,0.1755662
2004-03-21,124255.336,0.1755662
2004-03-22,127382.945,0.1755662
2004-03-23,127165.234,0.1755662
2004-03-24,127331.97,0.1755662
2004-03-25,121512.41,0.1755662
2004-03-26,113563.0,0.1755662
2004-03-27,109058.35,0.1755662
2004-03-28,107461.54,0.1755662
2004-03-29,108113.98,0.1755662
2004-03-30,109958.63,0.1755662
2004-03-31,112824.234,0.1755662
2004-04-01,118035.48,0.1755662
2004-04-02,120461.26,0.1755662
2004-04-03,120660.81,0.1755662
2004-04-04,122890.92,0.1755662
2004-04-05,133111.27,0.1755662
2004-04-06,139410.08,0.1755662
2004-04-07,149289.03,0.1755662
2004-04-08,161140.47,0.1755662
2004-04-09,171887.5,0.1755662
2004-04-10,171810.88,0.1755662
2004-04-11,176370.83,0.1755662
2004-04-12,181480.38,0.1755662
2004-04-13,188667.83,0.1755662
2004-04-14,194318.02,0.1755662
2004-04-15,201557.84,0.1755662
2004-04-16,206708.2,0.1755662
2004-04-17,212134.25,0.1755662
2004-04-18,213453.64,0.1755662
2004-04-19,210125.48,0.1755662
2004-04-20,210247.19,0.1755662
2004-04-21,209091.67,0.1755662
2004-04-22,206852.34,0.1755662
2004-04-23,207274.9,0.1755662
2004-04-24,213230.94,0.1755662
2004-04-25,217776.61,0.1755662
2004-04-26,222774.27,0.1755662
2004-04-27,229306.84,0.1755662
2004-04-28,233130.83,0.1755662
2004-04-29,238757.5,0.1755662
2004-04-30,237637.72,0.1755662
2004-05-01,253288.67,0.1755662
2004-05-02,275530.8,0.1755662
2004-05-03,303525.94,0.1755662
2004-05-04,327574.94,0.1755662
2004-05-05,367521.06,0.1755662
2004-05-06,380188.7,0.1755662
2004-05-07,374139.72,0.1755662
2004-05-08,362351.84,0.1755662
2004-05-09,354933.88,0.1755662
2004-05-10,342484.12,0.1755662
2004-05-11,340822.03,0.1755662
2004-05-12,348006.53,0.1755662
2004-05-13,353256.22,0.1755662
2004-05-14,367869.12,0.1755662
2004-05-15,387576.06,0.1755662
2004-05-16,402661.1,0.1755662
2004-05-17,425681.0,0.1755662
2004-05-18,460443.66,0.1755662
2004-05-19,485786.66,0.18139502
2004-05-20,513817.53,0.18139502
2004-05-21,527779.1,0.18139502
2004-05-22,537572.6,0.18139502
2004-05-23,553099.1,0.18139502
2004-05-24,567949.7,0.18139502
2004-05-25,557954.94,0.18139502
2004-05-26,549643.3,0.18139502
2004-05-27,534790.06,0.18139502
2004-05-28,510970.9,0.18139502
2004-05-29,489624.22,0.18139502
2004-05-30,467504.7,0.18139502
2004-05-31,453553.38,0.18139502
2004-06-01,440713.7,0.18139502
2004-06-02,429457.75,0.18139502
2004-06-03,417605.28,0.18139502
2004-06-04,424369.8,0.18139502
2004-06-05,426067.44,0.18139502
2004-06-06,429781.6,0.18139502
2004-06-07,412116.9,0.18139502
2004-06-08,390324.44,0.18139502
2004-06-09,368776.44,0.18139502
2004-06-10,360247.72,0.18139502
2004-06-11,354316.25,0.18139502
2004-06-12,368727.62,0.18139502
2004-06-13,394164.9,0.18139502
2004-06-14,417002.25,0.18139502
2004-06-15,439816.25,0.18139502
2004-06-16,460301.22,0.18139502
2004-06-17,477991.25,0.18139502
2004-06-18,489310.84,0.18139502
2004-06-19,499639.06,0.18139502
2004-06-20,499216.6,0.18139502
2004-06-21,500961.28,0.18139502
2004-06-22,503822.12,0.18139502
2004-06-23,507202.97,0.18139502
2004-06-24,507404.7,0.18139502
2004-06-25,519291.56,0.18139502
2004-06-26,524236.3,0.18139502
2004-06-27,514059.97,0.18139502
2004-06-28,497873.78,0.18139502
2004-06-29,488839.12,0.18139502
2004-06-30,469756.97,0.18139502
2004-07-01,453161.62,0.18139502
2004-07-02,447750.62,0.18139502
2004-07-03,451420.22,0.18139502
2004-07-04,452211.88,0.18139502
2004-07-05,455652.2,0.18139502
2004-07-06,446184.8,0.18139502
2004-07-07,439454.84,0.18139502
2004-07-08,435566.7,0.18139502
2004-07-09,447493.6,0.18139502
2004-07-10,458957.47,0.18139502
2004-07-11,480492.28,0.18139502
2004-07-12,503941.75,0.18139502
2004-07-13,516911.97,0.18139502
2004-07-14,513862.94,0.18139502
2004-07-15,512939.66,0.18139502
2004-07-16,527729.75,0.18139502
2004-07-17,525037.4,0.18139502
2004-07-18,525988.3,0.18139502
2004-07-19,521711.44,0.18139502
2004-07-20,519444.03,0.18139502
2004-07-21,494229.84,0.18139502
2004-07-22,493268.5,0.18139502
2004-07-23,499271.7,0.18139502
2004-07-24,506727.44,0.18139502
2004-07-25,508403.12,0.18139502
2004-07-26,530441.9,0.18139502
2004-07-27,549425.6,0.18139502
2004-07-28,554787.3,0.18139502
2004-07-29,562320.5,0.18139502
2004-07-30,580730.94,0.18139502
2004-07-31,593736.44,0.18139502
2004-08-01,598839.75,0.18139502
2004-08-02,596204.44,0.18139502
2004-08-03,592146.7,0.18139502
2004-08-04,583100.75,0.18139502
2004-08-05,575506.2,0.18139502
2004-08-06,570162.56,0.18139502
2004-08-07,568531.8,0.18139502
2004-08-08,557041.4,0.18139502
2004-08-09,536580.5,0.18139502
2004-08-10,510395.16,0.18139502
2004-08-11,488072.03,0.18139502
2004-08-12,472418.06,0.18139502
2004-08-13,475701.22,0.18139502
2004-08-14,484877.06,0.18139502
2004-08-15,490264.4,0.18139502
2004-08-16,492517.1,0.18139502
2004-08-17,498372.03,0.18139502
2004-08-18,500543.3,0.18139502
2004-08-19,496220.66,0.18139502
2004-08-20,504608.0,0.18139502
2004-08-21,513722.16,0.18139502
2004-08-22,522576.3,0.18139502
2004-08-23,523263.34,0.18139502
2004-08-24,534589.1,0.18139502
2004-08-25,545959.75,0.18139502
2004-08-26,562175.06,0.18139502
2004-08-27,576732.6,-0.19164604
2004-08-28,598967.06,-0.19164604
2004-08-29,624294.3,-0.19164604
2004-08-30,650513.2,-0.19164604
2004-08-31,672514.25,-0.19164604
2004-09-01,695730.1,-0.19164604
2004-09-02,711882.6,-0.19164604
2004-09-03,733156.75,-0.19164604
2004-09-04,748626.7,-0.19164604
2004-09-05,759347.25,-0.19164604
2004-09-06,774719.25,-0.19164604
2004-09-07,791595.7,-0.19164604
2004-09-08,805358.44,-0.19164604
2004-09-09,823918.4,-0.19164604
2004-09-10,829132.8,-0.19164604
2004-09-11,835251.94,-0.19164604
2004-09-12,856660.8,-0.19164604
2004-09-13,871095.5,-0.19164604
2004-09-14,887315.94,-0.19164604
2004-09-15,926557.44,-0.19164604
2004-09-16,948071.7,-0.19164604
2004-09-17,939540.5,-0.19164604
2004-09-18,921689.75,-0.19164604
2004-09-19,870464.94,-0.19164604
2004-09-20,817837.8,-0.19164604
2004-09-21,783951.9,-0.19164604
2004-09-22,752898.56,-0.19164604
2004-09-23,729688.0,-0.19164604
2004-09-24,708741.4,-0.19164604
2004-09-25,682647.0,-0.19164604
2004-09-26,649991.44,-0.19164604
2004-09-27,638344.7,-0.19164604
2004-09-28,600364.9,-0.19164604
2004-09-29,582950.9,-0.19164604
2004-09-30,553703.8,-0.19164604
2004-10-01,531273.6,-0.19164604
2004-10-02,499536.2,-0.19164604
2004-10-03,487543.47,-0.19164604
2004-10-04,487289.12,-0.19164604
2004-10-05,521476.4,-0.19164604
2004-10-06,557658.0,-0.19164604
2004-10-07,592390.0,-0.19164604
2004-10-08,627543.06,-0.19164604
2004-10-09,622492.3,-0.19164604
2004-10-10,608227.1,-0.19164604
2004-10-11,590719.3,-0.19164604
2004-10-12,579854.2,-0.19164604
2004-10-13,559289.06,-0.19164604
2004-10-14,559020.0,-0.19164604
2004-10-15,559201.94,-0.19164604
2004-10-16,570412.5,-0.19164604
2004-10-17,591386.6,-0.19164604
2004-10-18,636173.75,-0.19164604
2004-10-19,683177.7,-0.19164604
2004-10-20,719154.4,-0.19164604
2004-10-21,746357.6,-0.19164604
2004-10-22,758780.0,-0.19164604
2004-10-23,766535.2,-0.19164604
2004-10-24,774593.44,-0.19164604
2004-10-25,760327.06,-0.19164604
2004-10-26,733944.7,-0.19164604
2004-10-27,722855.56,-0.19164604
2004-10-28,696322.56,-0.19164604
2004-10-29,665007.25,-0.19164604
2004-10-30,652225.0,-0.19164604
2004-10-31,646810.44,-0.19164604
2004-11-01,639402.0,-0.19164604
2004-11-02,611062.3,-0.19164604
2004-11-03,571979.0,-0.19164604
2004-11-04,526461.4,-0.19164604
2004-11-05,469079.2,-0.19164604
2004-11-06,418888.7,-0.19164604
2004-11-07,394066.2,-0.19164604
2004-11-08,379523.38,-0.19164604
2004-11-09,376479.9,-0.19164604
2004-11-10,384416.0,-0.19164604
2004-11-11,393023.06,-0.19164604
2004-11-12,405383.1,-0.19164604
2004-11-13,426463.22,-0.19164604
2004-11-14,438925.84,-0.19164604
2004-11-15,458914.34,-0.19164604
2004-11-16,458136.3,-0.19164604
2004-11-17,461042.12,-0.19164604
2004-11-18,459888.22,-0.19164604
2004-11-19,464787.5,-0.19164604
2004-11-20,421890.38,-0.19164604
2004-11-21,364734.84,-0.19164604
2004-11-22,297955.2,-0.19164604
2004-11-23,230178.03,-0.19164604
2004-11-24,204434.78,-0.19164604
2004-11-25,191586.53,-0.19164604
2004-11-26,201522.83,-0.19164604
2004-11-27,224911.3,-0.19164604
2004-11-28,263679.2,-0.19164604
2004-11-29,257606.03,-0.19164604
2004-11-30,266480.6,-0.19164604
2004-12-01,259769.8,-0.19164604
2004-12-02,256203.94,-0.19164604
2004-12-03,259321.84,-0.19164604
2004-12-04,278143.25,-0.19164604
2004-12-05,295511.3,0.2450349
2004-12-06,321488.7,0.2450349
2004-12-07,339950.06,0.2450349
2004-12-08,353076.22,0.2450349
2004-12-09,361463.8,0.2450349
2004-12-10,354676.03,0.2450349
2004-12-11,335688.22,0.2450349
2004-12-12,315503.34,0.2450349
2004-12-13,291376.62,0.2450349
2004-12-14,269754.2,0.2450349
2004-12-15,260795.22,0.2450349
2004-12-16,276761.56,0.2450349
2004-12-17,297255.12,0.2450349
2004-12-18,322032.88,0.2450349
2004-12-19,345248.62,0.2450349
2004-12-20,367868.2,0.2450349
2004-12-21,364360.38,0.2450349
2004-12-22,353973.56,0.2450349
2004-12-23,336902.53,0.2450349
2004-12-24,320826.2,0.2450349
2004-12-25,296543.25,0.2450349
2004-12-26,284370.78,0.2450349
2004-12-27,275517.7,0.2450349
2004-12-28,272600.16,0.2450349
2004-12-29,271909.72,0.2450349
2004-12-30,280863.34,0.2450349
2004-12-31,285156.06,0.2450349
2005-01-01,288570.75,0.2450349
2005-01-02,289552.12,0.2450349
2005-01-03,293977.94,0.2450349
2005-01-04,293613.56,0.2450349
2005-01-05,292746.88,0.2450349
2005-01-06,286915.6,0.2450349
2005-01-07,284870.6,0.2450349
2005-01-08,274435.22,0.2450349
2005-01-09,270307.47,0.2450349
2005-01-10,260931.33,0.2450349
2005-01-11,258043.45,0.2450349
2005-01-12,260375.19,0.2450349
2005-01-13,267068.47,0.2450349
2005-01-14,269598.94,0.2450349
2005-01-15,277756.88,0.2450349
2005-01-16,284002.12,0.2450349
2005-01-17,284115.16,0.2450349
2005-01-18,289289.88,0.2450349
2005-01-19,300150.88,0.2450349
2005-01-20,316352.75,0.2450349
2005-01-21,336105.1,0.2450349
2005-01-22,350931.28,0.2450349
2005-01-23,359209.8,0.2450349
2005-01-24,364948.3,0.2450349
2005-01-25,364896.8,0.2450349
2005-01-26,360812.97,0.2450349
2005-01-27,358527.28,0.2450349
2005-01-28,356990.8,0.2450349
2005-01-29,355333.88,0.2450349
2005-01-30,351335.66,0.2450349
2005-01-31,351368.97,0.2450349
2005-02-01,357870.22,0.2450349
2005-02-02,366923.5,0.2450349
2005-02-03,373889.72,0.2450349
2005-02-04,380547.9,0.2450349
2005-02-05,385413.34,0.2450349
2005-02-06,388261.12,0.2450349
2005-02-07,382592.97,0.2450349
2005-02-08,373481.5,0.2450349
2005-02-09,362666.34,0.2450349
2005-02-10,343166.3,0.2450349
2005-02-11,326012.0,0.2450349
2005-02-12,313127.06,0.2450349
2005-02-13,319418.03,0.2450349
2005-02-14,338592.0,0.2450349
2005-02-15,383714.12,0.2450349
2005-02-16,429167.0,0.2450349
2005-02-17,486250.97,0.2450349
2005-02-18,532641.1,0.2450349
2005-02-19,564145.44,0.2450349
2005-02-20,570301.8,0.2450349
2005-02-21,579615.25,0.2450349
2005-02-22,581912.06,0.2450349
2005-02-23,563656.4,0.2450349
2005-02-24,544575.56,0.2450349
2005-02-25,535569.5,0.2450349
2005-02-26,526917.44,0.2450349
2005-02-27,524060.7,0.2450349
2005-02-28,534448.75,0.2450349
2005-03-01,552651.9,0.2450349
2005-03-02,563279.8,0.2450349
2005-03-03,569627.75,0.2450349
2005-03-04,592382.06,0.2450349
2005-03-05,616258.25,0.2450349
2005-03-06,635151.94,0.2450349
2005-03-07,650857.0,0.2450349
2005-03-08,663975.0,0.2450349
2005-03-09,631454.2,0.2450349
2005-03-10,605777.8,0.2450349
2005-03-11,591574.25,0.2450349
2005-03-12,588639.7,0.2450349
2005-03-13,598184.5,0.2450349
2005-03-14,630363.44,0.2450349
